{"Cov_in_datasets/20NG/train_texts.txt": 0.254, "Cov_in_datasets/20NG_talk.politics/train_texts.txt": 0.8051948051948052, "Cov_in_datasets/20NG_comp/train_texts.txt": 0.06349206349206349, "Cov_in_datasets/20NG_sci/train_texts.txt": 0.21428571428571427, "Cov_in_datasets/20NG_rec.sport/train_texts.txt": 0.08771929824561403, "Fct_in_datasets/20NG/vocab.txt": 0.9583333333333334}