{"Cov_in_datasets/20NG/train_texts.txt": 0.264, "Cov_in_datasets/20NG_talk.politics/train_texts.txt": 0.8051948051948052, "Cov_in_datasets/20NG_comp/train_texts.txt": 0.06349206349206349, "Cov_in_datasets/20NG_sci/train_texts.txt": 0.24489795918367346, "Cov_in_datasets/20NG_rec.sport/train_texts.txt": 0.08771929824561403, "Fct_in_datasets/20NG/vocab.txt": 1.0}