{"Cov_in_datasets/20NG/train_texts.txt": 0.348, "Cov_in_datasets/20NG_talk.politics/train_texts.txt": 0.8701298701298701, "Cov_in_datasets/20NG_comp/train_texts.txt": 0.18253968253968253, "Cov_in_datasets/20NG_sci/train_texts.txt": 0.3469387755102041, "Cov_in_datasets/20NG_rec.sport/train_texts.txt": 0.14035087719298245, "Fct_in_datasets/20NG/vocab.txt": 1.0}