{"Cov_in_datasets/20NG/train_texts.txt": 0.252, "Cov_in_datasets/20NG_talk.politics/train_texts.txt": 0.8181818181818182, "Cov_in_datasets/20NG_comp/train_texts.txt": 0.07936507936507936, "Cov_in_datasets/20NG_sci/train_texts.txt": 0.19387755102040816, "Cov_in_datasets/20NG_rec.sport/train_texts.txt": 0.03508771929824561, "Fct_in_datasets/20NG/vocab.txt": 1.0}