{"Cov_in_datasets/20NG/train_texts.txt": 0.536, "Cov_in_datasets/20NG_talk.politics/train_texts.txt": 0.44155844155844154, "Cov_in_datasets/20NG_comp/train_texts.txt": 0.5476190476190477, "Cov_in_datasets/20NG_sci/train_texts.txt": 0.6020408163265306, "Cov_in_datasets/20NG_rec.sport/train_texts.txt": 0.7368421052631579, "Fct_in_datasets/20NG/vocab.txt": 0.92}