{"Cov_in_datasets/20NG/train_texts.txt": 0.746, "Cov_in_datasets/20NG_talk.politics/train_texts.txt": 0.7792207792207793, "Cov_in_datasets/20NG_comp/train_texts.txt": 0.8015873015873016, "Cov_in_datasets/20NG_sci/train_texts.txt": 0.7959183673469388, "Cov_in_datasets/20NG_rec.sport/train_texts.txt": 0.8596491228070176, "Fct_in_datasets/20NG/vocab.txt": 0.9130434782608695}