{"Cov_in_datasets/20NG/train_texts.txt": 0.456, "Cov_in_datasets/20NG_talk.politics/train_texts.txt": 0.37662337662337664, "Cov_in_datasets/20NG_comp/train_texts.txt": 0.8174603174603174, "Cov_in_datasets/20NG_sci/train_texts.txt": 0.5102040816326531, "Cov_in_datasets/20NG_rec.sport/train_texts.txt": 0.15789473684210525, "Fct_in_datasets/20NG/vocab.txt": 0.88}