{"Cov_in_datasets/20NG/train_texts.txt": 0.804, "Cov_in_datasets/20NG_talk.politics/train_texts.txt": 0.8051948051948052, "Cov_in_datasets/20NG_comp/train_texts.txt": 0.9603174603174603, "Cov_in_datasets/20NG_sci/train_texts.txt": 0.8163265306122449, "Cov_in_datasets/20NG_rec.sport/train_texts.txt": 0.7543859649122807, "Fct_in_datasets/20NG/vocab.txt": 0.9583333333333334}